years_education,seniority_years,income
21.6,10.0,88197
19.3,23.8,105477
21.3,18.6,102858
20.7,15.4,92434
17.2,4.7,71633
21.1,4.7,86672
11.1,2.4,21592
12.4,21.8,47138
10.5,15.4,33221
13.9,18.0,48556
14.7,1.5,26332
13.3,24.3,49113
19.9,21.0,107289
14.3,6.1,26651
13.4,5.4,28279
16.5,5.4,75733
11.7,8.3,22171
19.6,13.6,96258
10.9,11.4,33904
21.8,8.0,89788
19.3,15.7,94211
12.4,4.3,20599
10.1,8.0,31712
19.8,9.8,92365
18.5,11.9,91566
18.7,19.8,103752
19.3,5.8,83286
10.9,13.3,35343
14.3,15.2,42450
11.4,2.1,20513
20.4,15.6,109894
17.5,5.1,83662
14.0,2.6,20792
10.8,23.8,51012
13.7,24.2,42609
13.9,20.4,49339
18.8,8.3,94129
17.7,3.3,82059
20.6,17.4,104352
15.7,11.6,58003
11.4,3.9,27960
18.6,12.9,99883
19.1,1.8,83174
16.7,22.8,92262
19.3,7.2,86416
15.9,16.9,63340
16.3,8.5,69380
15.1,13.5,46145
10.3,14.1,39227
11.3,5.4,34234
