bild_id,art,scientific_name,local_file,commons_title,source_url,file_url,author,license,license_url,date_taken,image_width,image_height,mime
lachmoewe_001,Lachmöwe,Chroicocephalus ridibundus,moewen_ml_demo/images/lachmoewe_001.jpg,File:Bird (9260804645).jpg,https://commons.wikimedia.org/wiki/File:Bird_(9260804645).jpg,https://upload.wikimedia.org/wikipedia/commons/0/01/Bird_%289260804645%29.jpg?utm_source=commons.wikimedia.org&utm_campaign=imageinfo&utm_content=original,Susanne Nilsson,CC BY-SA 2.0,https://creativecommons.org/licenses/by-sa/2.0,2012-07-10 08:40,5184,3456,image/jpeg
lachmoewe_002,Lachmöwe,Chroicocephalus ridibundus,moewen_ml_demo/images/lachmoewe_002.jpg,File:Black-headed Gull (Larus ridibundus) - geograph.org.uk - 5311944.jpg,https://commons.wikimedia.org/wiki/File:Black-headed_Gull_(Larus_ridibundus)_-_geograph.org.uk_-_5311944.jpg,https://upload.wikimedia.org/wikipedia/commons/9/9b/Black-headed_Gull_%28Larus_ridibundus%29_-_geograph.org.uk_-_5311944.jpg?utm_source=commons.wikimedia.org&utm_campaign=imageinfo&utm_content=original,Anne Burgess,CC BY-SA 2.0,https://creativecommons.org/licenses/by-sa/2.0,2017-03-09,640,427,image/jpeg
lachmoewe_003,Lachmöwe,Chroicocephalus ridibundus,moewen_ml_demo/images/lachmoewe_003.jpg,"File:Black-headed Gull (Chroicocephalus ridibundus) - London, England 2023-10-26 (04).jpg","https://commons.wikimedia.org/wiki/File:Black-headed_Gull_(Chroicocephalus_ridibundus)_-_London,_England_2023-10-26_(04).jpg",https://upload.wikimedia.org/wikipedia/commons/c/c8/Black-headed_Gull_%28Chroicocephalus_ridibundus%29_-_London%2C_England_2023-10-26_%2804%29.jpg?utm_source=commons.wikimedia.org&utm_campaign=imageinfo&utm_content=original,Ryan Hodnett,CC BY-SA 4.0,https://creativecommons.org/licenses/by-sa/4.0,2023-10-26 16:01,3974,3179,image/jpeg
lachmoewe_004,Lachmöwe,Chroicocephalus ridibundus,moewen_ml_demo/images/lachmoewe_004.jpg,File:Calling (5538737332).jpg,https://commons.wikimedia.org/wiki/File:Calling_(5538737332).jpg,https://upload.wikimedia.org/wikipedia/commons/5/5a/Calling_%285538737332%29.jpg?utm_source=commons.wikimedia.org&utm_campaign=imageinfo&utm_content=original,"Charles Lam from Hong Kong, China",CC BY-SA 2.0,https://creativecommons.org/licenses/by-sa/2.0,2011-03-14 15:24,2910,2182,image/jpeg
lachmoewe_005,Lachmöwe,Chroicocephalus ridibundus,moewen_ml_demo/images/lachmoewe_005.jpg,"File:Black-headed Gull (Chroicocephalus ridibundus) - London, England 2023-10-26 (01).jpg","https://commons.wikimedia.org/wiki/File:Black-headed_Gull_(Chroicocephalus_ridibundus)_-_London,_England_2023-10-26_(01).jpg",https://upload.wikimedia.org/wikipedia/commons/1/11/Black-headed_Gull_%28Chroicocephalus_ridibundus%29_-_London%2C_England_2023-10-26_%2801%29.jpg?utm_source=commons.wikimedia.org&utm_campaign=imageinfo&utm_content=original,Ryan Hodnett,CC BY-SA 4.0,https://creativecommons.org/licenses/by-sa/4.0,2023-10-26 11:48,3127,3127,image/jpeg
lachmoewe_006,Lachmöwe,Chroicocephalus ridibundus,moewen_ml_demo/images/lachmoewe_006.jpg,File:20190624 LakeTjornin 9107 (48463341912).jpg,https://commons.wikimedia.org/wiki/File:20190624_LakeTjornin_9107_(48463341912).jpg,https://upload.wikimedia.org/wikipedia/commons/7/79/20190624_LakeTjornin_9107_%2848463341912%29.jpg?utm_source=commons.wikimedia.org&utm_campaign=imageinfo&utm_content=original,"Ray Swi-hymn from Sijhih-Taipei, Taiwan",CC BY-SA 2.0,https://creativecommons.org/licenses/by-sa/2.0,2019-06-24 06:29,7952,5304,image/jpeg
lachmoewe_007,Lachmöwe,Chroicocephalus ridibundus,moewen_ml_demo/images/lachmoewe_007.jpg,"File:Black-headed Gull (Chroicocephalus ridibundus) - London, England 2023-10-26 (02).jpg","https://commons.wikimedia.org/wiki/File:Black-headed_Gull_(Chroicocephalus_ridibundus)_-_London,_England_2023-10-26_(02).jpg",https://upload.wikimedia.org/wikipedia/commons/d/d7/Black-headed_Gull_%28Chroicocephalus_ridibundus%29_-_London%2C_England_2023-10-26_%2802%29.jpg?utm_source=commons.wikimedia.org&utm_campaign=imageinfo&utm_content=original,Ryan Hodnett,CC BY-SA 4.0,https://creativecommons.org/licenses/by-sa/4.0,2023-10-26 12:55,5833,3281,image/jpeg
lachmoewe_008,Lachmöwe,Chroicocephalus ridibundus,moewen_ml_demo/images/lachmoewe_008.jpg,"File:Black-headed Gull (Chroicocephalus ridibundus), Inverness - geograph.org.uk - 5625281.jpg","https://commons.wikimedia.org/wiki/File:Black-headed_Gull_(Chroicocephalus_ridibundus),_Inverness_-_geograph.org.uk_-_5625281.jpg",https://upload.wikimedia.org/wikipedia/commons/0/0d/Black-headed_Gull_%28Chroicocephalus_ridibundus%29%2C_Inverness_-_geograph.org.uk_-_5625281.jpg?utm_source=commons.wikimedia.org&utm_campaign=imageinfo&utm_content=original,Mike Pennington,CC BY-SA 2.0,https://creativecommons.org/licenses/by-sa/2.0,2017-12-11,683,1024,image/jpeg
lachmoewe_009,Lachmöwe,Chroicocephalus ridibundus,moewen_ml_demo/images/lachmoewe_009.jpg,"File:Black-headed Gull (Chroicocephalus ridibundus) and Hungerford Bridge and Golden Jubilee Bridges - London, England 2023-10-27.jpg","https://commons.wikimedia.org/wiki/File:Black-headed_Gull_(Chroicocephalus_ridibundus)_and_Hungerford_Bridge_and_Golden_Jubilee_Bridges_-_London,_England_2023-10-27.jpg",https://upload.wikimedia.org/wikipedia/commons/0/02/Black-headed_Gull_%28Chroicocephalus_ridibundus%29_and_Hungerford_Bridge_and_Golden_Jubilee_Bridges_-_London%2C_England_2023-10-27.jpg?utm_source=commons.wikimedia.org&utm_campaign=imageinfo&utm_content=original,Ryan Hodnett,CC BY-SA 4.0,https://creativecommons.org/licenses/by-sa/4.0,2023-10-27 13:27,5560,3127,image/jpeg
lachmoewe_010,Lachmöwe,Chroicocephalus ridibundus,moewen_ml_demo/images/lachmoewe_010.jpg,File:Chroicocephalus ridibundus (24307084078).jpg,https://commons.wikimedia.org/wiki/File:Chroicocephalus_ridibundus_(24307084078).jpg,https://upload.wikimedia.org/wikipedia/commons/d/d9/Chroicocephalus_ridibundus_%2824307084078%29.jpg?utm_source=commons.wikimedia.org&utm_campaign=imageinfo&utm_content=original,"Maximilian Paradiz from Amsterdam, Netherlands",CC BY 2.0,https://creativecommons.org/licenses/by/2.0,2017-11-04 10:33,5592,3720,image/jpeg
lachmoewe_011,Lachmöwe,Chroicocephalus ridibundus,moewen_ml_demo/images/lachmoewe_011.jpg,File:Black-headed gull (05694).jpg,https://commons.wikimedia.org/wiki/File:Black-headed_gull_(05694).jpg,https://upload.wikimedia.org/wikipedia/commons/c/c4/Black-headed_gull_%2805694%29.jpg?utm_source=commons.wikimedia.org&utm_campaign=imageinfo&utm_content=original,Rhododendrites,CC BY-SA 4.0,https://creativecommons.org/licenses/by-sa/4.0,2025-11-20 05:40:52,4766,3585,image/jpeg
lachmoewe_012,Lachmöwe,Chroicocephalus ridibundus,moewen_ml_demo/images/lachmoewe_012.jpg,File:Black-headed gull (52732035110).jpg,https://commons.wikimedia.org/wiki/File:Black-headed_gull_(52732035110).jpg,https://upload.wikimedia.org/wikipedia/commons/6/60/Black-headed_gull_%2852732035110%29.jpg?utm_source=commons.wikimedia.org&utm_campaign=imageinfo&utm_content=original,"hedera.baltica from Wrocław, Poland",CC BY-SA 2.0,https://creativecommons.org/licenses/by-sa/2.0,2023-02-10 16:25,2100,2100,image/jpeg
lachmoewe_013,Lachmöwe,Chroicocephalus ridibundus,moewen_ml_demo/images/lachmoewe_013.jpg,File:Black-headed Gull (breeding plumage) (48025438576).jpg,https://commons.wikimedia.org/wiki/File:Black-headed_Gull_(breeding_plumage)_(48025438576).jpg,https://upload.wikimedia.org/wikipedia/commons/e/e3/Black-headed_Gull_%28breeding_plumage%29_%2848025438576%29.jpg?utm_source=commons.wikimedia.org&utm_campaign=imageinfo&utm_content=original,"Becky Matsubara from Contra Costa County, California",CC BY 2.0,https://creativecommons.org/licenses/by/2.0,"Taken on 21 May 2019, 12:28",5781,3854,image/jpeg
lachmoewe_014,Lachmöwe,Chroicocephalus ridibundus,moewen_ml_demo/images/lachmoewe_014.png,File:ChroicocephalusRidibundusIUCN2019-2.png,https://commons.wikimedia.org/wiki/File:ChroicocephalusRidibundusIUCN2019-2.png,https://upload.wikimedia.org/wikipedia/commons/2/24/ChroicocephalusRidibundusIUCN2019-2.png?utm_source=commons.wikimedia.org&utm_campaign=imageinfo&utm_content=original,SanoAK: Alexander Kürthy,CC BY-SA 3.0,https://creativecommons.org/licenses/by-sa/3.0,2019-08-23,3461,1700,image/png
lachmoewe_015,Lachmöwe,Chroicocephalus ridibundus,moewen_ml_demo/images/lachmoewe_015.jpg,File:2017 - Chroicocephalus ridibundus 2.jpg,https://commons.wikimedia.org/wiki/File:2017_-_Chroicocephalus_ridibundus_2.jpg,https://upload.wikimedia.org/wikipedia/commons/0/0c/2017_-_Chroicocephalus_ridibundus_2.jpg?utm_source=commons.wikimedia.org&utm_campaign=imageinfo&utm_content=original,Emőke Dénes,CC BY-SA 4.0,https://creativecommons.org/licenses/by-sa/4.0,2017-03-04 15:45:21,5184,3456,image/jpeg
lachmoewe_016,Lachmöwe,Chroicocephalus ridibundus,moewen_ml_demo/images/lachmoewe_016.jpg,File:Black-headed Gull - Chroicocephalus ridibundus (43900574555).jpg,https://commons.wikimedia.org/wiki/File:Black-headed_Gull_-_Chroicocephalus_ridibundus_(43900574555).jpg,https://upload.wikimedia.org/wikipedia/commons/7/71/Black-headed_Gull_-_Chroicocephalus_ridibundus_%2843900574555%29.jpg?utm_source=commons.wikimedia.org&utm_campaign=imageinfo&utm_content=original,Björn S...,CC BY-SA 2.0,https://creativecommons.org/licenses/by-sa/2.0,2018-08-15 18:47,5184,3456,image/jpeg
lachmoewe_017,Lachmöwe,Chroicocephalus ridibundus,moewen_ml_demo/images/lachmoewe_017.jpg,File:Black-headed gull (52674912353).jpg,https://commons.wikimedia.org/wiki/File:Black-headed_gull_(52674912353).jpg,https://upload.wikimedia.org/wikipedia/commons/3/3f/Black-headed_gull_%2852674912353%29.jpg?utm_source=commons.wikimedia.org&utm_campaign=imageinfo&utm_content=original,"hedera.baltica from Wrocław, Poland",CC BY-SA 2.0,https://creativecommons.org/licenses/by-sa/2.0,2022-12-26 14:26,1900,1511,image/jpeg
lachmoewe_018,Lachmöwe,Chroicocephalus ridibundus,moewen_ml_demo/images/lachmoewe_018.jpg,"File:Black-headed Gull (Gabbiano Comune) (Chroicocephalus ridibundus) - Rome, Italy 2024-03-02.jpg","https://commons.wikimedia.org/wiki/File:Black-headed_Gull_(Gabbiano_Comune)_(Chroicocephalus_ridibundus)_-_Rome,_Italy_2024-03-02.jpg",https://upload.wikimedia.org/wikipedia/commons/f/fe/Black-headed_Gull_%28Gabbiano_Comune%29_%28Chroicocephalus_ridibundus%29_-_Rome%2C_Italy_2024-03-02.jpg?utm_source=commons.wikimedia.org&utm_campaign=imageinfo&utm_content=original,Ryan Hodnett,CC BY-SA 4.0,https://creativecommons.org/licenses/by-sa/4.0,2024-03-02 13:09,3492,2328,image/jpeg
lachmoewe_019,Lachmöwe,Chroicocephalus ridibundus,moewen_ml_demo/images/lachmoewe_019.jpg,File:Black-headed Gull (Chroicocephalus ridibundus) (7697883746).jpg,https://commons.wikimedia.org/wiki/File:Black-headed_Gull_(Chroicocephalus_ridibundus)_(7697883746).jpg,https://upload.wikimedia.org/wikipedia/commons/e/ee/Black-headed_Gull_%28Chroicocephalus_ridibundus%29_%287697883746%29.jpg?utm_source=commons.wikimedia.org&utm_campaign=imageinfo&utm_content=original,AnemoneProjectors (talk) (Flickr),CC BY-SA 2.0,https://creativecommons.org/licenses/by-sa/2.0,2012-07-27 15:22,3216,2416,image/jpeg
lachmoewe_020,Lachmöwe,Chroicocephalus ridibundus,moewen_ml_demo/images/lachmoewe_020.jpg,File:Black-headed Gull (Chroicocephalus ridibundus) (49702044718).jpg,https://commons.wikimedia.org/wiki/File:Black-headed_Gull_(Chroicocephalus_ridibundus)_(49702044718).jpg,https://upload.wikimedia.org/wikipedia/commons/8/84/Black-headed_Gull_%28Chroicocephalus_ridibundus%29_%2849702044718%29.jpg?utm_source=commons.wikimedia.org&utm_campaign=imageinfo&utm_content=original,"Imran Shah from Islamabad, Pakistan",CC BY-SA 2.0,https://creativecommons.org/licenses/by-sa/2.0,2019-11-14 08:48,2000,1500,image/jpeg
lachmoewe_021,Lachmöwe,Chroicocephalus ridibundus,moewen_ml_demo/images/lachmoewe_021.jpg,File:Black headed gull (14379496984).jpg,https://commons.wikimedia.org/wiki/File:Black_headed_gull_(14379496984).jpg,https://upload.wikimedia.org/wikipedia/commons/d/d9/Black_headed_gull_%2814379496984%29.jpg?utm_source=commons.wikimedia.org&utm_campaign=imageinfo&utm_content=original,"James Petts from London, England",CC BY-SA 2.0,https://creativecommons.org/licenses/by-sa/2.0,2014-06-08 15:56,4608,3456,image/jpeg
lachmoewe_022,Lachmöwe,Chroicocephalus ridibundus,moewen_ml_demo/images/lachmoewe_022.jpg,File:Black-headed Gull - Chroicocephalus ridibundus (43900629005).jpg,https://commons.wikimedia.org/wiki/File:Black-headed_Gull_-_Chroicocephalus_ridibundus_(43900629005).jpg,https://upload.wikimedia.org/wikipedia/commons/3/30/Black-headed_Gull_-_Chroicocephalus_ridibundus_%2843900629005%29.jpg?utm_source=commons.wikimedia.org&utm_campaign=imageinfo&utm_content=original,Björn S...,CC BY-SA 2.0,https://creativecommons.org/licenses/by-sa/2.0,2018-08-15 18:47,5184,3456,image/jpeg
lachmoewe_023,Lachmöwe,Chroicocephalus ridibundus,moewen_ml_demo/images/lachmoewe_023.jpg,File:Black-headed gull in Hyde Park (00281).jpg,https://commons.wikimedia.org/wiki/File:Black-headed_gull_in_Hyde_Park_(00281).jpg,https://upload.wikimedia.org/wikipedia/commons/0/0c/Black-headed_gull_in_Hyde_Park_%2800281%29.jpg?utm_source=commons.wikimedia.org&utm_campaign=imageinfo&utm_content=original,Rhododendrites,CC BY-SA 4.0,https://creativecommons.org/licenses/by-sa/4.0,2025-11-20 06:36:44,5184,3888,image/jpeg
lachmoewe_024,Lachmöwe,Chroicocephalus ridibundus,moewen_ml_demo/images/lachmoewe_024.jpg,File:Chroicocephalus ridibundus - Mewa śmieszka - Black-headed gull (35146595704).jpg,https://commons.wikimedia.org/wiki/File:Chroicocephalus_ridibundus_-_Mewa_%C5%9Bmieszka_-_Black-headed_gull_(35146595704).jpg,https://upload.wikimedia.org/wikipedia/commons/a/af/Chroicocephalus_ridibundus_-_Mewa_%C5%9Bmieszka_-_Black-headed_gull_%2835146595704%29.jpg?utm_source=commons.wikimedia.org&utm_campaign=imageinfo&utm_content=original,Marta Boroń,CC BY 2.0,https://creativecommons.org/licenses/by/2.0,2012-06-01 17:30,3029,2269,image/jpeg
lachmoewe_025,Lachmöwe,Chroicocephalus ridibundus,moewen_ml_demo/images/lachmoewe_025.jpg,File:Black headed gull (14377151191).jpg,https://commons.wikimedia.org/wiki/File:Black_headed_gull_(14377151191).jpg,https://upload.wikimedia.org/wikipedia/commons/d/d6/Black_headed_gull_%2814377151191%29.jpg?utm_source=commons.wikimedia.org&utm_campaign=imageinfo&utm_content=original,"James Petts from London, England",CC BY-SA 2.0,https://creativecommons.org/licenses/by-sa/2.0,2014-06-08 16:06,4608,3456,image/jpeg
lachmoewe_026,Lachmöwe,Chroicocephalus ridibundus,moewen_ml_demo/images/lachmoewe_026.jpg,"File:Black headed gull, gathering nesting material (14377308781).jpg","https://commons.wikimedia.org/wiki/File:Black_headed_gull,_gathering_nesting_material_(14377308781).jpg",https://upload.wikimedia.org/wikipedia/commons/1/17/Black_headed_gull%2C_gathering_nesting_material_%2814377308781%29.jpg?utm_source=commons.wikimedia.org&utm_campaign=imageinfo&utm_content=original,"James Petts from London, England",CC BY-SA 2.0,https://creativecommons.org/licenses/by-sa/2.0,2014-06-08 17:08,4608,3456,image/jpeg
lachmoewe_027,Lachmöwe,Chroicocephalus ridibundus,moewen_ml_demo/images/lachmoewe_027.jpg,"File:Black-headed Gull (Chroicocephalus ridibundus) - Bærum, Norway 2021-07-19.jpg","https://commons.wikimedia.org/wiki/File:Black-headed_Gull_(Chroicocephalus_ridibundus)_-_B%C3%A6rum,_Norway_2021-07-19.jpg",https://upload.wikimedia.org/wikipedia/commons/8/87/Black-headed_Gull_%28Chroicocephalus_ridibundus%29_-_B%C3%A6rum%2C_Norway_2021-07-19.jpg?utm_source=commons.wikimedia.org&utm_campaign=imageinfo&utm_content=original,Ryan Hodnett,CC BY-SA 4.0,https://creativecommons.org/licenses/by-sa/4.0,2021-07-19 17:27,2644,2115,image/jpeg
lachmoewe_028,Lachmöwe,Chroicocephalus ridibundus,moewen_ml_demo/images/lachmoewe_028.jpg,"File:Black-headed Gull (Chroicocephalus ridibundus) - Bærum, Norway 2021-04-04 (01).jpg","https://commons.wikimedia.org/wiki/File:Black-headed_Gull_(Chroicocephalus_ridibundus)_-_B%C3%A6rum,_Norway_2021-04-04_(01).jpg",https://upload.wikimedia.org/wikipedia/commons/f/fd/Black-headed_Gull_%28Chroicocephalus_ridibundus%29_-_B%C3%A6rum%2C_Norway_2021-04-04_%2801%29.jpg?utm_source=commons.wikimedia.org&utm_campaign=imageinfo&utm_content=original,Ryan Hodnett,CC BY-SA 4.0,https://creativecommons.org/licenses/by-sa/4.0,2021-04-04 16:49,2405,1353,image/jpeg
lachmoewe_029,Lachmöwe,Chroicocephalus ridibundus,moewen_ml_demo/images/lachmoewe_029.jpg,File:Black headed gulls (Chroicocephalus ridibundus) (22735258592).jpg,https://commons.wikimedia.org/wiki/File:Black_headed_gulls_(Chroicocephalus_ridibundus)_(22735258592).jpg,https://upload.wikimedia.org/wikipedia/commons/4/4e/Black_headed_gulls_%28Chroicocephalus_ridibundus%29_%2822735258592%29.jpg?utm_source=commons.wikimedia.org&utm_campaign=imageinfo&utm_content=original,"Rison Thumboor from Thrissur, India",CC BY 2.0,https://creativecommons.org/licenses/by/2.0,2015-10-25 12:18,3600,2400,image/jpeg
lachmoewe_030,Lachmöwe,Chroicocephalus ridibundus,moewen_ml_demo/images/lachmoewe_030.jpg,"File:Black-headed Gull (Chroicocephalus ridibundus) - Parc Natural de s'Albufera, Spain 2022-04-16.jpg","https://commons.wikimedia.org/wiki/File:Black-headed_Gull_(Chroicocephalus_ridibundus)_-_Parc_Natural_de_s%27Albufera,_Spain_2022-04-16.jpg",https://upload.wikimedia.org/wikipedia/commons/8/89/Black-headed_Gull_%28Chroicocephalus_ridibundus%29_-_Parc_Natural_de_s%27Albufera%2C_Spain_2022-04-16.jpg?utm_source=commons.wikimedia.org&utm_campaign=imageinfo&utm_content=original,Ryan Hodnett,CC BY-SA 4.0,https://creativecommons.org/licenses/by-sa/4.0,2022-04-16 16:53,2354,1569,image/jpeg
lachmoewe_031,Lachmöwe,Chroicocephalus ridibundus,moewen_ml_demo/images/lachmoewe_031.jpg,File:Bird of Amsterdam.jpg,https://commons.wikimedia.org/wiki/File:Bird_of_Amsterdam.jpg,https://upload.wikimedia.org/wikipedia/commons/b/b5/Bird_of_Amsterdam.jpg?utm_source=commons.wikimedia.org&utm_campaign=imageinfo&utm_content=original,Lakshita Soni,CC BY-SA 4.0,https://creativecommons.org/licenses/by-sa/4.0,2017-06-19,960,1280,image/jpeg
lachmoewe_032,Lachmöwe,Chroicocephalus ridibundus,moewen_ml_demo/images/lachmoewe_032.jpg,File:Black-headed Gull (Chroicocephalus ridibundus) (7697882864).jpg,https://commons.wikimedia.org/wiki/File:Black-headed_Gull_(Chroicocephalus_ridibundus)_(7697882864).jpg,https://upload.wikimedia.org/wikipedia/commons/c/c9/Black-headed_Gull_%28Chroicocephalus_ridibundus%29_%287697882864%29.jpg?utm_source=commons.wikimedia.org&utm_campaign=imageinfo&utm_content=original,AnemoneProjectors (talk) (Flickr),CC BY-SA 2.0,https://creativecommons.org/licenses/by-sa/2.0,2012-07-27 15:26,3392,2544,image/jpeg
lachmoewe_033,Lachmöwe,Chroicocephalus ridibundus,moewen_ml_demo/images/lachmoewe_033.jpg,File:Black-headed Gull (48025476068).jpg,https://commons.wikimedia.org/wiki/File:Black-headed_Gull_(48025476068).jpg,https://upload.wikimedia.org/wikipedia/commons/c/cf/Black-headed_Gull_%2848025476068%29.jpg?utm_source=commons.wikimedia.org&utm_campaign=imageinfo&utm_content=original,"Becky Matsubara from Contra Costa County, California",CC BY 2.0,https://creativecommons.org/licenses/by/2.0,"Taken on 21 May 2019, 12:28",7762,5175,image/jpeg
lachmoewe_034,Lachmöwe,Chroicocephalus ridibundus,moewen_ml_demo/images/lachmoewe_034.jpg,File:Black-headed Gull (Chroicocephalus ridibundus) in the Serpentine - geograph.org.uk - 1463062.jpg,https://commons.wikimedia.org/wiki/File:Black-headed_Gull_(Chroicocephalus_ridibundus)_in_the_Serpentine_-_geograph.org.uk_-_1463062.jpg,https://upload.wikimedia.org/wikipedia/commons/3/3b/Black-headed_Gull_%28Chroicocephalus_ridibundus%29_in_the_Serpentine_-_geograph.org.uk_-_1463062.jpg?utm_source=commons.wikimedia.org&utm_campaign=imageinfo&utm_content=original,Peter Trimming,CC BY-SA 2.0,https://creativecommons.org/licenses/by-sa/2.0,2009-08-28,640,427,image/jpeg
lachmoewe_035,Lachmöwe,Chroicocephalus ridibundus,moewen_ml_demo/images/lachmoewe_035.jpg,File:Black-headed gull DSCN1697 - Flickr - ianpreston.jpg,https://commons.wikimedia.org/wiki/File:Black-headed_gull_DSCN1697_-_Flickr_-_ianpreston.jpg,https://upload.wikimedia.org/wikipedia/commons/4/41/Black-headed_gull_DSCN1697_-_Flickr_-_ianpreston.jpg?utm_source=commons.wikimedia.org&utm_campaign=imageinfo&utm_content=original,"ianpreston from England, UK",CC BY 2.0,https://creativecommons.org/licenses/by/2.0,"Taken on 6 April 2021, 09:55",4608,3456,image/jpeg
lachmoewe_036,Lachmöwe,Chroicocephalus ridibundus,moewen_ml_demo/images/lachmoewe_036.jpg,File:Black-headed gull (52588700161).jpg,https://commons.wikimedia.org/wiki/File:Black-headed_gull_(52588700161).jpg,https://upload.wikimedia.org/wikipedia/commons/5/5f/Black-headed_gull_%2852588700161%29.jpg?utm_source=commons.wikimedia.org&utm_campaign=imageinfo&utm_content=original,"hedera.baltica from Wrocław, Poland",CC BY-SA 2.0,https://creativecommons.org/licenses/by-sa/2.0,2022-12-26 14:30,1700,1700,image/jpeg
lachmoewe_037,Lachmöwe,Chroicocephalus ridibundus,moewen_ml_demo/images/lachmoewe_037.jpg,File:Black-headed Gull (Larus ridibundus) - geograph.org.uk - 1964059.jpg,https://commons.wikimedia.org/wiki/File:Black-headed_Gull_(Larus_ridibundus)_-_geograph.org.uk_-_1964059.jpg,https://upload.wikimedia.org/wikipedia/commons/5/58/Black-headed_Gull_%28Larus_ridibundus%29_-_geograph.org.uk_-_1964059.jpg?utm_source=commons.wikimedia.org&utm_campaign=imageinfo&utm_content=original,Anne Burgess,CC BY-SA 2.0,https://creativecommons.org/licenses/by-sa/2.0,2010-07-10,640,629,image/jpeg
lachmoewe_038,Lachmöwe,Chroicocephalus ridibundus,moewen_ml_demo/images/lachmoewe_038.jpg,File:Black-headed Gull (50862673227).jpg,https://commons.wikimedia.org/wiki/File:Black-headed_Gull_(50862673227).jpg,https://upload.wikimedia.org/wikipedia/commons/8/89/Black-headed_Gull_%2850862673227%29.jpg?utm_source=commons.wikimedia.org&utm_campaign=imageinfo&utm_content=original,"Mike Prince from Bangalore, India",CC BY 2.0,https://creativecommons.org/licenses/by/2.0,2020-11-27 09:35,2048,1365,image/jpeg
lachmoewe_039,Lachmöwe,Chroicocephalus ridibundus,moewen_ml_demo/images/lachmoewe_039.jpg,File:Black-headed Gull - Chroicocephalus ridibundus (29873586497).jpg,https://commons.wikimedia.org/wiki/File:Black-headed_Gull_-_Chroicocephalus_ridibundus_(29873586497).jpg,https://upload.wikimedia.org/wikipedia/commons/7/79/Black-headed_Gull_-_Chroicocephalus_ridibundus_%2829873586497%29.jpg?utm_source=commons.wikimedia.org&utm_campaign=imageinfo&utm_content=original,Björn S...,CC BY-SA 2.0,https://creativecommons.org/licenses/by-sa/2.0,2018-08-15 18:47,5184,3456,image/jpeg
lachmoewe_040,Lachmöwe,Chroicocephalus ridibundus,moewen_ml_demo/images/lachmoewe_040.jpg,File:Black-headed gull (52618243057).jpg,https://commons.wikimedia.org/wiki/File:Black-headed_gull_(52618243057).jpg,https://upload.wikimedia.org/wikipedia/commons/0/05/Black-headed_gull_%2852618243057%29.jpg?utm_source=commons.wikimedia.org&utm_campaign=imageinfo&utm_content=original,"hedera.baltica from Wrocław, Poland",CC BY-SA 2.0,https://creativecommons.org/licenses/by-sa/2.0,2022-12-26 14:29,2100,1440,image/jpeg
silbermoewe_001,Silbermöwe,Larus argentatus,moewen_ml_demo/images/silbermoewe_001.jpg,File:Goéland argenté à Trégastel.JPG,https://commons.wikimedia.org/wiki/File:Go%C3%A9land_argent%C3%A9_%C3%A0_Tr%C3%A9gastel.JPG,https://upload.wikimedia.org/wikipedia/commons/1/18/Go%C3%A9land_argent%C3%A9_%C3%A0_Tr%C3%A9gastel.JPG?utm_source=commons.wikimedia.org&utm_campaign=imageinfo&utm_content=original,Thesupermat,CC BY-SA 3.0,https://creativecommons.org/licenses/by-sa/3.0,2009-08-08,2592,1622,image/jpeg
silbermoewe_002,Silbermöwe,Larus argentatus,moewen_ml_demo/images/silbermoewe_002.jpg,File:Herring gull on Caldey Island (6621).jpg,https://commons.wikimedia.org/wiki/File:Herring_gull_on_Caldey_Island_(6621).jpg,https://upload.wikimedia.org/wikipedia/commons/9/97/Herring_gull_on_Caldey_Island_%286621%29.jpg?utm_source=commons.wikimedia.org&utm_campaign=imageinfo&utm_content=original,Nilfanion,CC BY-SA 4.0,https://creativecommons.org/licenses/by-sa/4.0,2013-06-17 12:53:09,4288,2848,image/jpeg
silbermoewe_003,Silbermöwe,Larus argentatus,moewen_ml_demo/images/silbermoewe_003.jpg,File:Copenhagen (5142303417).jpg,https://commons.wikimedia.org/wiki/File:Copenhagen_(5142303417).jpg,https://upload.wikimedia.org/wikipedia/commons/2/24/Copenhagen_%285142303417%29.jpg?utm_source=commons.wikimedia.org&utm_campaign=imageinfo&utm_content=original,Roman Harak,CC BY-SA 2.0,https://creativecommons.org/licenses/by-sa/2.0,2010-10-22 12:32,720,480,image/jpeg
silbermoewe_004,Silbermöwe,Larus argentatus,moewen_ml_demo/images/silbermoewe_004.jpg,File:2025 Larus argentatus (30682).jpg,https://commons.wikimedia.org/wiki/File:2025_Larus_argentatus_(30682).jpg,https://upload.wikimedia.org/wikipedia/commons/5/58/2025_Larus_argentatus_%2830682%29.jpg?utm_source=commons.wikimedia.org&utm_campaign=imageinfo&utm_content=original,Joerg Fuhrmann (Intermerker),CC BY-SA 4.0,https://creativecommons.org/licenses/by-sa/4.0,9 August 2025 (according to Exif data),4998,4998,image/jpeg
silbermoewe_005,Silbermöwe,Larus argentatus,moewen_ml_demo/images/silbermoewe_005.jpg,File:Gulls on roof.jpg,https://commons.wikimedia.org/wiki/File:Gulls_on_roof.jpg,https://upload.wikimedia.org/wikipedia/commons/8/85/Gulls_on_roof.jpg?utm_source=commons.wikimedia.org&utm_campaign=imageinfo&utm_content=original,Philippe Alès,CC BY-SA 4.0,https://creativecommons.org/licenses/by-sa/4.0,2012-04-20 09:59:50,4288,2848,image/jpeg
silbermoewe_006,Silbermöwe,Larus argentatus,moewen_ml_demo/images/silbermoewe_006.jpg,File:Goéland sur son nid.jpg,https://commons.wikimedia.org/wiki/File:Go%C3%A9land_sur_son_nid.jpg,https://upload.wikimedia.org/wikipedia/commons/e/ed/Go%C3%A9land_sur_son_nid.jpg?utm_source=commons.wikimedia.org&utm_campaign=imageinfo&utm_content=original,J-Cabioch,CC BY-SA 4.0,https://creativecommons.org/licenses/by-sa/4.0,2018-06-22 17:32:49,4000,3000,image/jpeg
silbermoewe_007,Silbermöwe,Larus argentatus,moewen_ml_demo/images/silbermoewe_007.jpg,File:Goeland (5).jpg,https://commons.wikimedia.org/wiki/File:Goeland_(5).jpg,https://upload.wikimedia.org/wikipedia/commons/d/d1/Goeland_%285%29.jpg?utm_source=commons.wikimedia.org&utm_campaign=imageinfo&utm_content=original,Remi Jouan,CC BY-SA 3.0,http://creativecommons.org/licenses/by-sa/3.0/,2007-05,2286,1350,image/jpeg
silbermoewe_008,Silbermöwe,Larus argentatus,moewen_ml_demo/images/silbermoewe_008.jpg,File:Gråtrut (Larus argentatus) - Omissus - Ystad-2020.jpg,https://commons.wikimedia.org/wiki/File:Gr%C3%A5trut_(Larus_argentatus)_-_Omissus_-_Ystad-2020.jpg,https://upload.wikimedia.org/wikipedia/commons/7/7e/Gr%C3%A5trut_%28Larus_argentatus%29_-_Omissus_-_Ystad-2020.jpg?utm_source=commons.wikimedia.org&utm_campaign=imageinfo&utm_content=original,Foto: Jonn Leffmann,CC BY 3.0,https://creativecommons.org/licenses/by/3.0,2020,1500,953,image/jpeg
silbermoewe_009,Silbermöwe,Larus argentatus,moewen_ml_demo/images/silbermoewe_009.jpg,File:Herring Gull (15021679939).jpg,https://commons.wikimedia.org/wiki/File:Herring_Gull_(15021679939).jpg,https://upload.wikimedia.org/wikipedia/commons/4/40/Herring_Gull_%2815021679939%29.jpg?utm_source=commons.wikimedia.org&utm_campaign=imageinfo&utm_content=original,grassrootsgroundswell,CC BY 2.0,https://creativecommons.org/licenses/by/2.0,2014-09-05 13:03,4608,3456,image/jpeg
silbermoewe_010,Silbermöwe,Larus argentatus,moewen_ml_demo/images/silbermoewe_010.jpg,File:Gråtrut - Grågås. Södra vågbrytaren - Ystad-2021.jpg,https://commons.wikimedia.org/wiki/File:Gr%C3%A5trut_-_Gr%C3%A5g%C3%A5s._S%C3%B6dra_v%C3%A5gbrytaren_-_Ystad-2021.jpg,https://upload.wikimedia.org/wikipedia/commons/5/54/Gr%C3%A5trut_-_Gr%C3%A5g%C3%A5s._S%C3%B6dra_v%C3%A5gbrytaren_-_Ystad-2021.jpg?utm_source=commons.wikimedia.org&utm_campaign=imageinfo&utm_content=original,Foto: Jonn Leffmann,CC BY 3.0,https://creativecommons.org/licenses/by/3.0,2021,1900,681,image/jpeg
silbermoewe_011,Silbermöwe,Larus argentatus,moewen_ml_demo/images/silbermoewe_011.jpg,File:Herring gull on Caldey Island (6622).jpg,https://commons.wikimedia.org/wiki/File:Herring_gull_on_Caldey_Island_(6622).jpg,https://upload.wikimedia.org/wikipedia/commons/0/0b/Herring_gull_on_Caldey_Island_%286622%29.jpg?utm_source=commons.wikimedia.org&utm_campaign=imageinfo&utm_content=original,Nilfanion,CC BY-SA 4.0,https://creativecommons.org/licenses/by-sa/4.0,2013-06-17 12:53:12,4288,2848,image/jpeg
silbermoewe_012,Silbermöwe,Larus argentatus,moewen_ml_demo/images/silbermoewe_012.jpg,File:European herring gull (Larus argentatus) 2020 2.jpg,https://commons.wikimedia.org/wiki/File:European_herring_gull_(Larus_argentatus)_2020_2.jpg,https://upload.wikimedia.org/wikipedia/commons/e/e8/European_herring_gull_%28Larus_argentatus%29_2020_2.jpg?utm_source=commons.wikimedia.org&utm_campaign=imageinfo&utm_content=original,TRinaud,CC BY 4.0,https://creativecommons.org/licenses/by/4.0,2020-08-28 19:48:25,5829,3284,image/jpeg
silbermoewe_013,Silbermöwe,Larus argentatus,moewen_ml_demo/images/silbermoewe_013.jpg,File:2020-06-17 - Möwe mit Warnruf.jpg,https://commons.wikimedia.org/wiki/File:2020-06-17_-_M%C3%B6we_mit_Warnruf.jpg,https://upload.wikimedia.org/wikipedia/commons/c/c6/2020-06-17_-_M%C3%B6we_mit_Warnruf.jpg?utm_source=commons.wikimedia.org&utm_campaign=imageinfo&utm_content=original,Fabian Horst,CC BY-SA 4.0,https://creativecommons.org/licenses/by-sa/4.0,2020-06-17,4608,3456,image/jpeg
silbermoewe_014,Silbermöwe,Larus argentatus,moewen_ml_demo/images/silbermoewe_014.jpg,File:Gaviota argéntea (Larus argentatus) en el puerto de La Rápita.jpg,https://commons.wikimedia.org/wiki/File:Gaviota_arg%C3%A9ntea_(Larus_argentatus)_en_el_puerto_de_La_R%C3%A1pita.jpg,https://upload.wikimedia.org/wikipedia/commons/b/b4/Gaviota_arg%C3%A9ntea_%28Larus_argentatus%29_en_el_puerto_de_La_R%C3%A1pita.jpg?utm_source=commons.wikimedia.org&utm_campaign=imageinfo&utm_content=original,Juan Emilio Prades Bel,CC BY 4.0,https://creativecommons.org/licenses/by/4.0,2024-05-22 17:17:18,5184,3639,image/jpeg
silbermoewe_015,Silbermöwe,Larus argentatus,moewen_ml_demo/images/silbermoewe_015.jpg,File:Herring Gull - Sølvmåge - Larus argentatus - panoramio.jpg,https://commons.wikimedia.org/wiki/File:Herring_Gull_-_S%C3%B8lvm%C3%A5ge_-_Larus_argentatus_-_panoramio.jpg,https://upload.wikimedia.org/wikipedia/commons/2/23/Herring_Gull_-_S%C3%B8lvm%C3%A5ge_-_Larus_argentatus_-_panoramio.jpg?utm_source=commons.wikimedia.org&utm_campaign=imageinfo&utm_content=original,Jens Cederskjold,CC BY 3.0,https://creativecommons.org/licenses/by/3.0,Taken on 27 April 2012,4592,3056,image/jpeg
silbermoewe_016,Silbermöwe,Larus argentatus,moewen_ml_demo/images/silbermoewe_016.jpg,File:European herring gull (Larus argentatus).jpg,https://commons.wikimedia.org/wiki/File:European_herring_gull_(Larus_argentatus).jpg,https://upload.wikimedia.org/wikipedia/commons/b/b9/European_herring_gull_%28Larus_argentatus%29.jpg?utm_source=commons.wikimedia.org&utm_campaign=imageinfo&utm_content=original,Aidan Gribble,CC BY-SA 4.0,https://creativecommons.org/licenses/by-sa/4.0,2019-07-24,4608,3456,image/jpeg
silbermoewe_017,Silbermöwe,Larus argentatus,moewen_ml_demo/images/silbermoewe_017.jpg,File:Gråtrut European Herring Gull (13896262240).jpg,https://commons.wikimedia.org/wiki/File:Gr%C3%A5trut_European_Herring_Gull_(13896262240).jpg,https://upload.wikimedia.org/wikipedia/commons/9/91/Gr%C3%A5trut_European_Herring_Gull_%2813896262240%29.jpg?utm_source=commons.wikimedia.org&utm_campaign=imageinfo&utm_content=original,Åsa Berndtsson,CC BY 2.0,https://creativecommons.org/licenses/by/2.0,2014-04-22 16:27,1200,870,image/jpeg
silbermoewe_018,Silbermöwe,Larus argentatus,moewen_ml_demo/images/silbermoewe_018.jpg,"File:Goéland argenté sur les remparts de Saint- Malo. Au fond à droite, on distingue le Fort du Petit Bé. 18 nov 2016.jpg","https://commons.wikimedia.org/wiki/File:Go%C3%A9land_argent%C3%A9_sur_les_remparts_de_Saint-_Malo._Au_fond_%C3%A0_droite,_on_distingue_le_Fort_du_Petit_B%C3%A9._18_nov_2016.jpg",https://upload.wikimedia.org/wikipedia/commons/0/07/Go%C3%A9land_argent%C3%A9_sur_les_remparts_de_Saint-_Malo._Au_fond_%C3%A0_droite%2C_on_distingue_le_Fort_du_Petit_B%C3%A9._18_nov_2016.jpg?utm_source=commons.wikimedia.org&utm_campaign=imageinfo&utm_content=original,Contributeur2019,CC BY-SA 4.0,https://creativecommons.org/licenses/by-sa/4.0,2016-11-18 11:21:14,4608,2592,image/jpeg
silbermoewe_019,Silbermöwe,Larus argentatus,moewen_ml_demo/images/silbermoewe_019.jpg,File:Enjoy the sun and wind (29308665510).jpg,https://commons.wikimedia.org/wiki/File:Enjoy_the_sun_and_wind_(29308665510).jpg,https://upload.wikimedia.org/wikipedia/commons/d/da/Enjoy_the_sun_and_wind_%2829308665510%29.jpg?utm_source=commons.wikimedia.org&utm_campaign=imageinfo&utm_content=original,Paul van de Velde from Netherlands,CC BY 2.0,https://creativecommons.org/licenses/by/2.0,2016-09-08 13:41,5143,3429,image/jpeg
silbermoewe_020,Silbermöwe,Larus argentatus,moewen_ml_demo/images/silbermoewe_020.jpg,File:El Vltava a la ciutat vella de Praga - 20250727 145109.jpg,https://commons.wikimedia.org/wiki/File:El_Vltava_a_la_ciutat_vella_de_Praga_-_20250727_145109.jpg,https://upload.wikimedia.org/wikipedia/commons/e/e9/El_Vltava_a_la_ciutat_vella_de_Praga_-_20250727_145109.jpg?utm_source=commons.wikimedia.org&utm_campaign=imageinfo&utm_content=original,Pere López Brosa,CC BY-SA 4.0,https://creativecommons.org/licenses/by-sa/4.0,2025-07-27 14:51:09,4080,2296,image/jpeg
silbermoewe_021,Silbermöwe,Larus argentatus,moewen_ml_demo/images/silbermoewe_021.jpg,File:Herring Gull - Farne Is - FJ0A3160 (35525150783).jpg,https://commons.wikimedia.org/wiki/File:Herring_Gull_-_Farne_Is_-_FJ0A3160_(35525150783).jpg,https://upload.wikimedia.org/wikipedia/commons/8/84/Herring_Gull_-_Farne_Is_-_FJ0A3160_%2835525150783%29.jpg?utm_source=commons.wikimedia.org&utm_campaign=imageinfo&utm_content=original,Francesco Veronesi from Italy,CC BY-SA 2.0,https://creativecommons.org/licenses/by-sa/2.0,2017-07-01 17:47,1280,853,image/jpeg
silbermoewe_022,Silbermöwe,Larus argentatus,moewen_ml_demo/images/silbermoewe_022.jpeg,File:April In Ireland (189727085).jpeg,https://commons.wikimedia.org/wiki/File:April_In_Ireland_(189727085).jpeg,https://upload.wikimedia.org/wikipedia/commons/0/06/April_In_Ireland_%28189727085%29.jpeg?utm_source=commons.wikimedia.org&utm_campaign=imageinfo&utm_content=original,Fred Antoine,CC BY-SA 3.0,https://creativecommons.org/licenses/by-sa/3.0,"11 April 2016, 19:38:51 (UTC)",1500,1000,image/jpeg
silbermoewe_023,Silbermöwe,Larus argentatus,moewen_ml_demo/images/silbermoewe_023.jpg,File:European herring gulls (17670863841).jpg,https://commons.wikimedia.org/wiki/File:European_herring_gulls_(17670863841).jpg,https://upload.wikimedia.org/wikipedia/commons/f/f6/European_herring_gulls_%2817670863841%29.jpg?utm_source=commons.wikimedia.org&utm_campaign=imageinfo&utm_content=original,Jevgenijs Slihto,CC BY 2.0,https://creativecommons.org/licenses/by/2.0,2015-03-22 16:10,5184,3888,image/jpeg
silbermoewe_024,Silbermöwe,Larus argentatus,moewen_ml_demo/images/silbermoewe_024.jpg,File:2025 Larus argentatus (67369).jpg,https://commons.wikimedia.org/wiki/File:2025_Larus_argentatus_(67369).jpg,https://upload.wikimedia.org/wikipedia/commons/4/4e/2025_Larus_argentatus_%2867369%29.jpg?utm_source=commons.wikimedia.org&utm_campaign=imageinfo&utm_content=original,Joerg Fuhrmann (Intermerker),CC BY-SA 4.0,https://creativecommons.org/licenses/by-sa/4.0,9 August 2025 (according to Exif data),4845,4845,image/jpeg
silbermoewe_025,Silbermöwe,Larus argentatus,moewen_ml_demo/images/silbermoewe_025.jpg,File:Herring Gull - Farne Is - FJ0A4915 (35498012394).jpg,https://commons.wikimedia.org/wiki/File:Herring_Gull_-_Farne_Is_-_FJ0A4915_(35498012394).jpg,https://upload.wikimedia.org/wikipedia/commons/7/7a/Herring_Gull_-_Farne_Is_-_FJ0A4915_%2835498012394%29.jpg?utm_source=commons.wikimedia.org&utm_campaign=imageinfo&utm_content=original,Francesco Veronesi from Italy,CC BY-SA 2.0,https://creativecommons.org/licenses/by-sa/2.0,2017-07-02 16:31,1280,853,image/jpeg
silbermoewe_026,Silbermöwe,Larus argentatus,moewen_ml_demo/images/silbermoewe_026.jpg,"File:Etretat,goéland sur la plage.jpg","https://commons.wikimedia.org/wiki/File:Etretat,go%C3%A9land_sur_la_plage.jpg",https://upload.wikimedia.org/wikipedia/commons/f/f3/Etretat%2Cgo%C3%A9land_sur_la_plage.jpg?utm_source=commons.wikimedia.org&utm_campaign=imageinfo&utm_content=original,Martpan,CC BY-SA 4.0,https://creativecommons.org/licenses/by-sa/4.0,2011-07-25 18:18:02,3456,2592,image/jpeg
silbermoewe_027,Silbermöwe,Larus argentatus,moewen_ml_demo/images/silbermoewe_027.jpg,File:Bird against a blue sky (6621133253).jpg,https://commons.wikimedia.org/wiki/File:Bird_against_a_blue_sky_(6621133253).jpg,https://upload.wikimedia.org/wikipedia/commons/8/82/Bird_against_a_blue_sky_%286621133253%29.jpg?utm_source=commons.wikimedia.org&utm_campaign=imageinfo&utm_content=original,"Berit from Redhill/Surrey, UK",CC BY 2.0,https://creativecommons.org/licenses/by/2.0,2011-10-16 13:08,2766,2011,image/jpeg
silbermoewe_028,Silbermöwe,Larus argentatus,moewen_ml_demo/images/silbermoewe_028.jpg,File:Herring Gull (7551174192).jpg,https://commons.wikimedia.org/wiki/File:Herring_Gull_(7551174192).jpg,https://upload.wikimedia.org/wikipedia/commons/c/c6/Herring_Gull_%287551174192%29.jpg?utm_source=commons.wikimedia.org&utm_campaign=imageinfo&utm_content=original,nottsexminer,CC BY-SA 2.0,https://creativecommons.org/licenses/by-sa/2.0,2012-06-24 15:17,5184,3456,image/jpeg
silbermoewe_029,Silbermöwe,Larus argentatus,moewen_ml_demo/images/silbermoewe_029.jpg,File:Gråtrut European Herring Gull (31156250523).jpg,https://commons.wikimedia.org/wiki/File:Gr%C3%A5trut_European_Herring_Gull_(31156250523).jpg,https://upload.wikimedia.org/wikipedia/commons/b/bf/Gr%C3%A5trut_European_Herring_Gull_%2831156250523%29.jpg?utm_source=commons.wikimedia.org&utm_campaign=imageinfo&utm_content=original,Åsa Berndtsson,CC BY 2.0,https://creativecommons.org/licenses/by/2.0,2016-04-30 07:43,1200,944,image/jpeg
silbermoewe_030,Silbermöwe,Larus argentatus,moewen_ml_demo/images/silbermoewe_030.jpg,File:Gaviota argéntea (Larus argentatus).jpg,https://commons.wikimedia.org/wiki/File:Gaviota_arg%C3%A9ntea_(Larus_argentatus).jpg,https://upload.wikimedia.org/wikipedia/commons/4/47/Gaviota_arg%C3%A9ntea_%28Larus_argentatus%29.jpg?utm_source=commons.wikimedia.org&utm_campaign=imageinfo&utm_content=original,Juan Emilio Prades Bel,CC BY 4.0,https://creativecommons.org/licenses/by/4.0,2024-05-22 17:16:57,5184,3888,image/jpeg
silbermoewe_031,Silbermöwe,Larus argentatus,moewen_ml_demo/images/silbermoewe_031.jpg,File:Herring Gul (15021648479).jpg,https://commons.wikimedia.org/wiki/File:Herring_Gul_(15021648479).jpg,https://upload.wikimedia.org/wikipedia/commons/e/ed/Herring_Gul_%2815021648479%29.jpg?utm_source=commons.wikimedia.org&utm_campaign=imageinfo&utm_content=original,grassrootsgroundswell,CC BY 2.0,https://creativecommons.org/licenses/by/2.0,2014-09-05 12:54,3711,3267,image/jpeg
silbermoewe_032,Silbermöwe,Larus argentatus,moewen_ml_demo/images/silbermoewe_032.jpg,File:2020-06-18 - Möwe - HA293 - Kiel.jpg,https://commons.wikimedia.org/wiki/File:2020-06-18_-_M%C3%B6we_-_HA293_-_Kiel.jpg,https://upload.wikimedia.org/wikipedia/commons/7/7a/2020-06-18_-_M%C3%B6we_-_HA293_-_Kiel.jpg?utm_source=commons.wikimedia.org&utm_campaign=imageinfo&utm_content=original,Fabian Horst,CC BY-SA 4.0,https://creativecommons.org/licenses/by-sa/4.0,2020-06-18,4576,3696,image/jpeg
silbermoewe_033,Silbermöwe,Larus argentatus,moewen_ml_demo/images/silbermoewe_033.jpg,File:Big Seagull.jpg,https://commons.wikimedia.org/wiki/File:Big_Seagull.jpg,https://upload.wikimedia.org/wikipedia/commons/7/72/Big_Seagull.jpg?utm_source=commons.wikimedia.org&utm_campaign=imageinfo&utm_content=original,Stedes6789,CC BY-SA 4.0,https://creativecommons.org/licenses/by-sa/4.0,2018-08-19 13:43:27,3120,4160,image/jpeg
silbermoewe_034,Silbermöwe,Larus argentatus,moewen_ml_demo/images/silbermoewe_034.jpg,File:Gaivota curiosa en Talín.jpg,https://commons.wikimedia.org/wiki/File:Gaivota_curiosa_en_Tal%C3%ADn.jpg,https://upload.wikimedia.org/wikipedia/commons/1/12/Gaivota_curiosa_en_Tal%C3%ADn.jpg?utm_source=commons.wikimedia.org&utm_campaign=imageinfo&utm_content=original,Bene Riobó,CC BY-SA 4.0,https://creativecommons.org/licenses/by-sa/4.0,2016-04-26 11:57:45,4800,3200,image/jpeg
silbermoewe_035,Silbermöwe,Larus argentatus,moewen_ml_demo/images/silbermoewe_035.jpg,File:HerringGull.jpg,https://commons.wikimedia.org/wiki/File:HerringGull.jpg,https://upload.wikimedia.org/wikipedia/commons/a/a0/HerringGull.jpg?utm_source=commons.wikimedia.org&utm_campaign=imageinfo&utm_content=original,John Kavanagh,CC BY 2.0,https://creativecommons.org/licenses/by/2.0,2007-06-06 12:00:47,2592,1944,image/jpeg
silbermoewe_036,Silbermöwe,Larus argentatus,moewen_ml_demo/images/silbermoewe_036.jpg,File:Annan mås nedanför Murfallet Visby Strandprommenad.jpg,https://commons.wikimedia.org/wiki/File:Annan_m%C3%A5s_nedanf%C3%B6r_Murfallet_Visby_Strandprommenad.jpg,https://upload.wikimedia.org/wikipedia/commons/d/df/Annan_m%C3%A5s_nedanf%C3%B6r_Murfallet_Visby_Strandprommenad.jpg?utm_source=commons.wikimedia.org&utm_campaign=imageinfo&utm_content=original,W.carter,CC BY-SA 4.0,https://creativecommons.org/licenses/by-sa/4.0,2014-10-29 13:16:47,4000,3295,image/jpeg
silbermoewe_037,Silbermöwe,Larus argentatus,moewen_ml_demo/images/silbermoewe_037.jpg,"File:Herring Gulls, Coumeenoole Bay, Kerry, Ireland.jpg","https://commons.wikimedia.org/wiki/File:Herring_Gulls,_Coumeenoole_Bay,_Kerry,_Ireland.jpg",https://upload.wikimedia.org/wikipedia/commons/7/7b/Herring_Gulls%2C_Coumeenoole_Bay%2C_Kerry%2C_Ireland.jpg?utm_source=commons.wikimedia.org&utm_campaign=imageinfo&utm_content=original,Scott Wieman,CC BY-SA 3.0,https://creativecommons.org/licenses/by-sa/3.0,2009-03-23 11:12:00,3648,2736,image/jpeg
silbermoewe_038,Silbermöwe,Larus argentatus,moewen_ml_demo/images/silbermoewe_038.jpg,File:Gråtrut European Herring Gull (14142546801).jpg,https://commons.wikimedia.org/wiki/File:Gr%C3%A5trut_European_Herring_Gull_(14142546801).jpg,https://upload.wikimedia.org/wikipedia/commons/d/d9/Gr%C3%A5trut_European_Herring_Gull_%2814142546801%29.jpg?utm_source=commons.wikimedia.org&utm_campaign=imageinfo&utm_content=original,Åsa Berndtsson,CC BY 2.0,https://creativecommons.org/licenses/by/2.0,2014-04-22 16:26,1200,590,image/jpeg
silbermoewe_039,Silbermöwe,Larus argentatus,moewen_ml_demo/images/silbermoewe_039.jpg,File:Come into my arms - Flickr - Bernd Thaller.jpg,https://commons.wikimedia.org/wiki/File:Come_into_my_arms_-_Flickr_-_Bernd_Thaller.jpg,https://upload.wikimedia.org/wikipedia/commons/a/a4/Come_into_my_arms_-_Flickr_-_Bernd_Thaller.jpg?utm_source=commons.wikimedia.org&utm_campaign=imageinfo&utm_content=original,"Bernd Thaller from Graz, Austria",CC BY 2.0,https://creativecommons.org/licenses/by/2.0,"Taken on 18 July 2018, 14:41",4500,2781,image/jpeg
silbermoewe_040,Silbermöwe,Larus argentatus,moewen_ml_demo/images/silbermoewe_040.jpg,File:Herring Gull (9000463531).jpg,https://commons.wikimedia.org/wiki/File:Herring_Gull_(9000463531).jpg,https://upload.wikimedia.org/wikipedia/commons/1/17/Herring_Gull_%289000463531%29.jpg?utm_source=commons.wikimedia.org&utm_campaign=imageinfo&utm_content=original,grassrootsgroundswell,CC BY 2.0,https://creativecommons.org/licenses/by/2.0,2013-03-13 12:37,1169,1255,image/jpeg
