bild_id,art,geschlecht,schnabelfarbe,kamera_id,bildqualitaet,beobachtungsort,bildbreite_px,bildhoehe_px,bildhelligkeit,fluegellaenge_mm,schnabellaenge_mm,kopfflaeche_px,fluegelflaeche_px,kopfhelligkeit,schnabelfarbwert
lachmoewe_031,Lachmöwe,maennlich,orange,kamera_B,mittel,Nordsee,960.0,1280.0,0.4087981879711151,109.43254780308483,38.047213294759224,12383.334295351764,17558.106956786483,0.8247645239692363,0.5571218730993808
lachmoewe_001,Lachmöwe,maennlich,gelb,kamera_B,mittel,Nordsee,1920.0,1280.0,0.32288041710853577,100.53583320539494,40.3579531288684,10294.011852250269,21739.51583298456,0.7102869250698494,0.6855277569835394
lachmoewe_023,Lachmöwe,maennlich,gelb,kamera_A,gut,Nordsee,1920.0,1440.0,0.5002838969230652,104.26095505466654,38.16838996781017,7364.337552418152,21214.40268603833,0.6956309911698306,0.5164672687160711
lachmoewe_032,Lachmöwe,maennlich,gelb,kamera_A,mittel,Nordsee,1920.0,1440.0,0.5488876104354858,98.78173833825393,39.81253111588504,8924.788491848294,19934.192567481412,0.8757859903293705,0.6565040573077234
lachmoewe_019,Lachmöwe,weiblich,orange,kamera_C,gut,Ostsee,1920.0,1442.0,0.5633544325828552,101.80420306671732,37.49476434692369,11829.32287150247,20379.42155770548,0.769641469329595,0.5603868521770584
lachmoewe_029,Lachmöwe,maennlich,gelb,kamera_C,gut,Nordsee,1920.0,1280.0,0.5021792054176331,110.1473307389209,40.82878317112388,10204.936669885936,15475.801583077104,0.7929596838599877,0.7872820256997022
lachmoewe_011,Lachmöwe,weiblich,gelb,kamera_A,gut,Nordsee,1920.0,1444.0,0.7120633721351624,111.82375368304807,40.665659686530375,9849.360070885128,16594.191724201562,0.7750490655399709,0.5164608749123437
silbermoewe_031,Silbermöwe,,orange,kamera_B,mittel,Ostsee,1920.0,1690.0,0.5097890496253967,131.74765686930644,48.03318765715609,13946.431310069978,27931.323913608845,0.5573111096228653,0.6900345292892669
lachmoewe_005,Lachmöwe,maennlich,orange,kamera_C,gut,Ostsee,1920.0,1920.0,0.33471614122390747,110.45337106703543,41.900957976601305,10908.126511182227,22840.82983528394,0.8141901758086978,0.40514130161732
lachmoewe_013,Lachmöwe,weiblich,orange,kamera_C,mittel,Ostsee,1920.0,1280.0,0.580420732498169,100.05154004088399,41.778422651080334,10444.443684641963,16505.09733979043,0.6989094643154721,0.6176216616940234
silbermoewe_010,Silbermöwe,weiblich,orange,kamera_C,schlecht,Ostsee,1920.0,1440.0,0.4009471833705902,116.78613040999808,50.27450987622475,15326.878505719802,24641.35001005283,0.8164036461016568,0.6957782980166544
lachmoewe_034,Lachmöwe,maennlich,gelb,kamera_A,gut,Binnenland,640.0,427.0,0.5119386911392212,112.8408910981568,35.571535681528964,13161.518476885614,23126.08380572237,0.8292608790090383,0.5114867606173846
silbermoewe_028,Silbermöwe,,gelb,kamera_C,gut,Ostsee,1920.0,1280.0,0.4312317371368408,133.2282520670423,46.90427834534175,10747.710345572785,21797.949323863788,0.7358250973378168,0.6869929197122536
lachmoewe_036,Lachmöwe,weiblich,orange,kamera_C,gut,Binnenland,1700.0,1700.0,0.2880556583404541,110.31499024690275,42.3642785333589,10818.281688897056,26584.25812557316,0.8299755787796569,0.6810184080268074
silbermoewe_029,Silbermöwe,weiblich,,kamera_C,gut,Nordsee,1200.0,788.0,0.3165210485458374,128.6490579736113,40.816409617946334,14603.141715772712,31488.445391700134,0.6183501584389329,0.4568197512145246
silbermoewe_006,Silbermöwe,maennlich,orange,kamera_B,mittel,Nordsee,1920.0,1440.0,0.39954766631126404,120.62519061281189,49.40432490474995,12811.410312252083,37410.229651702495,0.7178463794100219,0.8519857407927408
silbermoewe_034,Silbermöwe,weiblich,orange,kamera_B,gut,Ostsee,1200.0,944.0,0.33559077978134155,110.49304742042345,45.60740916001559,14706.602730013377,30808.514740118004,0.7031130565521168,0.578594560643702
silbermoewe_022,Silbermöwe,weiblich,gelb,kamera_B,gut,Nordsee,1500.0,1000.0,0.6362638473510742,124.24177280245858,49.88006027786112,9754.467231494426,26426.236128794728,0.627806152416599,0.6389190873603342
silbermoewe_016,Silbermöwe,weiblich,orange,kamera_B,mittel,Binnenland,1920.0,1280.0,0.5481714010238647,114.44337981222068,46.796915591382216,9826.833533277319,21119.509331247507,0.6661114714831329,0.6175293904573508
silbermoewe_001,Silbermöwe,maennlich,orange,kamera_C,mittel,Nordsee,1920.0,1201.0,0.5579754710197449,117.61381383235013,50.33147484662207,11292.683197110568,24003.518520765312,0.5815570789947987,0.5734239375519617
lachmoewe_010,Lachmöwe,weiblich,gelb,kamera_A,schlecht,Binnenland,1920.0,1277.0,0.7862773537635803,103.11438614015961,38.94114484868971,12878.765276457705,20517.449704178867,0.8216260897926961,0.4679658783988147
silbermoewe_025,Silbermöwe,maennlich,gelb,kamera_B,schlecht,Nordsee,1600.0,1066.0,0.6006487011909485,121.27966949990969,49.04657169004765,11311.93091554959,23213.851397361927,0.5143715190091084,0.5643633866757436
lachmoewe_006,Lachmöwe,maennlich,gelb,kamera_A,gut,Nordsee,1920.0,1281.0,0.4563356041908264,118.71711852302357,37.57567287605892,12349.24536734637,15741.668822183103,0.7465580479009958,0.5995303678126006
silbermoewe_008,Silbermöwe,weiblich,gelb,kamera_B,mittel,Nordsee,1920.0,1440.0,0.41406169533729553,109.06431603413202,41.21580534327295,14411.332967549035,23478.18302020388,0.5797997235167281,0.3242565394590019
lachmoewe_035,Lachmöwe,maennlich,gelb,kamera_A,mittel,Nordsee,1920.0,1440.0,0.4481661319732666,103.38825577919403,39.58691969532701,10555.963948076225,23180.217911672582,0.8399876972837207,0.4529756701625909
silbermoewe_023,Silbermöwe,maennlich,gelb,kamera_B,mittel,Nordsee,1900.0,1037.0,0.44072169065475464,105.04678960725603,48.51150091714603,11515.025316734329,20969.313113555385,0.766864631705147,0.7219220747072516
silbermoewe_003,Silbermöwe,weiblich,rot,kamera_B,mittel,Ostsee,720.0,480.0,0.5026659369468689,125.30063401597737,47.1581499325723,12182.984928444117,20297.197169247927,0.7853777933257586,0.6402214193483295
silbermoewe_015,Silbermöwe,maennlich,rot,kamera_C,gut,Ostsee,1920.0,1275.0,0.4631012976169586,125.54418036487351,38.2882497094404,12271.197943726167,21997.041310007193,0.7571517186104526,0.9196755836897593
lachmoewe_017,Lachmöwe,maennlich,gelb,kamera_C,gut,Nordsee,1900.0,1511.0,0.365021288394928,101.03356253551289,36.421774791905065,11076.14066835539,27484.728523077567,0.7811994129501407,0.5657634008668141
lachmoewe_040,Lachmöwe,maennlich,gelb,kamera_B,gut,Nordsee,1920.0,1317.0,0.2896234691143036,96.04510758814799,36.36987748139067,8428.503364091486,13398.981968546103,0.7225214891891376,0.6699320679673288
silbermoewe_017,Silbermöwe,maennlich,gelb,kamera_C,gut,Ostsee,1200.0,890.0,0.2778184115886688,131.92113051858868,,13774.036899448156,29704.291225815134,0.7358479491148963,0.4777283219138231
silbermoewe_040,Silbermöwe,maennlich,gelb,kamera_B,gut,Ostsee,1169.0,1255.0,0.49021798372268677,123.58786702320118,43.7807802733687,10384.084700532367,24790.836255155253,0.65321006920536,0.6744095275592793
lachmoewe_008,Lachmöwe,weiblich,orange,kamera_A,gut,Ostsee,683.0,1024.0,0.3612113893032074,113.06633756078769,39.13382968878333,11530.840380091859,19417.066612160055,0.7445862307404449,0.5341914527202005
silbermoewe_011,Silbermöwe,weiblich,gelb,kamera_C,gut,Binnenland,1920.0,1275.0,0.45795753598213196,126.16633765450197,40.98957096902235,11830.211628288062,31320.813175080966,0.5084591756079622,0.5856121069874998
silbermoewe_014,Silbermöwe,weiblich,gelb,kamera_C,gut,Nordsee,1920.0,1442.0,0.5224040746688843,118.42958698734702,47.75496934665536,10193.370933052915,26214.4829248655,0.7209628649659504,0.5720366256214696
lachmoewe_020,Lachmöwe,weiblich,gelb,kamera_A,gut,Ostsee,1920.0,1440.0,0.4917319715023041,95.67388134329835,39.86358847459567,9450.831567531406,17412.27298247494,0.7085293343149874,0.5399051871159025
silbermoewe_027,Silbermöwe,weiblich,gelb,kamera_B,mittel,Nordsee,1920.0,1396.0,0.3243316113948822,121.52516989945791,42.10914904286678,14034.34826349439,25025.99999468449,0.6182175774682136,0.6684585275692002
lachmoewe_026,Lachmöwe,weiblich,gelb,kamera_A,gut,Nordsee,1920.0,1440.0,0.6744591593742371,112.0650003965434,42.83560428989552,11048.686924269547,23066.323070237133,0.7737208743304508,0.5800101271709697
silbermoewe_005,,maennlich,gelb,kamera_A,gut,Ostsee,977.0,950.0,0.775698721408844,115.17831120907275,44.53223908819413,16287.016092373131,31145.172153610652,0.6230327106926697,0.7217250142941148
lachmoewe_014,Lachmöwe,weiblich,gelb,kamera_A,gut,Binnenland,1920.0,943.0,0.8661768436431885,102.56800221979289,34.03027041395234,11228.338339750137,18873.412056882826,0.740924991787422,0.506548384112823
silbermoewe_037,Silbermöwe,maennlich,orange,kamera_B,gut,Ostsee,1920.0,1440.0,0.4003879129886627,104.29015896827943,47.26698839817863,10769.994623194914,24904.81265048244,0.6397686466217103,0.5726784744706966
lachmoewe_004,Lachmöwe,weiblich,gelb,kamera_C,gut,Nordsee,1920.0,1440.0,0.493009090423584,108.25934152524331,37.64756186450492,9480.830054894017,24142.134036168925,0.822027791984241,0.6451785121966234
lachmoewe_018,Lachmöwe,maennlich,gelb,kamera_C,mittel,Ostsee,1920.0,1280.0,0.7459980845451355,116.19087661538927,41.20051802769252,13257.209587193587,22459.643973998864,0.684287167779565,0.4158208960905202
lachmoewe_039,Lachmöwe,maennlich,orange,kamera_A,gut,Binnenland,1920.0,1280.0,0.40001699328422546,112.44542058640954,38.02691486396433,10512.621737869666,22508.393947965047,0.8274369932792194,0.5327510593330513
lachmoewe_009,Lachmöwe,maennlich,gelb,kamera_C,gut,Nordsee,1920.0,1080.0,0.493057519197464,111.90245264419464,41.8630783051238,10642.423224784921,20276.126076641045,0.7644197252365521,0.3775198679250364
silbermoewe_026,Silbermöwe,weiblich,gelb,kamera_B,gut,Nordsee,1920.0,2560.0,0.4608555734157562,115.78430395810193,45.817745468116705,11043.274130993172,22675.585487529916,0.7446839167419378,0.653415666112304
lachmoewe_007,Lachmöwe,maennlich,orange,kamera_C,gut,Nordsee,1920.0,1080.0,0.23077456653118134,114.5768432281715,39.46434789033148,8758.901882659326,17720.166029587468,0.7056383399798872,0.6396592892864517
lachmoewe_037,Lachmöwe,weiblich,orange,kamera_A,gut,Ostsee,640.0,629.0,0.7021445631980896,106.02495369878064,40.302065244160495,12895.281095776843,16031.86565218787,0.6823846950125703,0.3878466475457375
silbermoewe_033,Silbermöwe,maennlich,rot,kamera_C,gut,Binnenland,1920.0,2560.0,0.3196268081665039,129.25949329959386,46.03662540509269,12879.582280587556,25647.761263858698,0.613405824208937,0.6618737746871686
silbermoewe_019,Silbermöwe,maennlich,gelb,kamera_C,mittel,Nordsee,1920.0,1280.0,0.5320709347724915,119.26583356984693,44.68275736890813,10926.94510547762,16366.322610096142,0.8288749596009515,0.9859193543128404
silbermoewe_007,Silbermöwe,maennlich,rot,kamera_C,gut,Ostsee,1920.0,1134.0,0.7623759508132935,126.01210951270288,43.275080994605545,14753.516608002637,28039.431910396364,0.6771001013155447,0.7344758695170436
silbermoewe_039,Silbermöwe,maennlich,gelb,kamera_C,schlecht,Nordsee,1920.0,1440.0,0.5445896983146667,129.3602095192448,46.09947388086769,12825.173399357527,27913.649131742826,0.7339972717948919,0.44756396807535026
lachmoewe_016,Lachmöwe,maennlich,gelb,kamera_A,gut,Ostsee,1920.0,1280.0,0.398086816072464,122.83505326082857,37.70011729817172,12141.582725978153,18549.462158886705,0.8352101109011971,0.6261941159327036
lachmoewe_028,Lachmöwe,,gelb,kamera_A,mittel,Binnenland,1920.0,1080.0,0.5241250991821289,101.78220055130589,38.679730539140145,11221.94752697043,21988.880474082478,0.7495480169937512,0.5675814078320847
silbermoewe_002,Silbermöwe,weiblich,orange,kamera_C,schlecht,Ostsee,1920.0,1440.0,0.6119596362113953,125.74979227781944,42.67025939469589,12564.044028762091,18810.19553144037,0.7742637593254788,0.6073999144629523
lachmoewe_027,Lachmöwe,maennlich,gelb,kamera_A,gut,Nordsee,1920.0,1536.0,0.6014270186424255,119.22680686608908,41.0803703471582,9579.108464488372,17795.318700859694,0.8533800067162206,0.6115299070176565
silbermoewe_009,Silbermöwe,maennlich,rot,kamera_B,gut,Ostsee,1920.0,1440.0,0.3874979019165039,112.0732915290389,,12645.018826722113,29821.385711098337,0.7275716180988842,0.7601991221729597
lachmoewe_025,Lachmöwe,weiblich,orange,kamera_A,mittel,Nordsee,1920.0,1440.0,0.5591690540313721,107.40569400137629,42.17654521297288,11495.62571914659,20445.838143571644,0.7606323924838772,0.4150125029956021
silbermoewe_004,Silbermöwe,maennlich,gelb,kamera_B,gut,Nordsee,1920.0,1918.0,0.3129769563674927,136.6570879208841,52.6,13088.343067970736,31020.208661358818,0.6323471173786122,0.7199684447141906
silbermoewe_038,Silbermöwe,weiblich,gelb,kamera_B,mittel,Nordsee,1200.0,826.0,0.47146689891815186,136.3354214984513,46.1138447263508,12632.062430623715,27050.442869393806,0.7292379578114268,1.0
silbermoewe_018,,,gelb,kamera_C,mittel,Ostsee,1500.0,953.0,0.42193472385406494,126.12425503280144,43.41888350621641,14084.87624566832,27514.906991042357,0.6508818558885682,0.8541414618825277
lachmoewe_012,Lachmöwe,weiblich,orange,kamera_A,gut,Ostsee,1920.0,1920.0,0.41761133074760437,102.34726629795787,40.501971777877685,11151.994694354824,26693.07527086557,0.8284577872140205,0.6228245270979411
lachmoewe_033,Lachmöwe,maennlich,rot,kamera_A,gut,Nordsee,1920.0,1280.0,0.6903849244117737,111.02806156508308,43.23487370109875,11774.018355559103,13551.35776904684,0.7913056710321182,0.5886440287879093
silbermoewe_036,Silbermöwe,weiblich,gelb,kamera_C,mittel,Nordsee,1920.0,1582.0,0.6209961771965027,124.70873072284847,46.87425287312679,11933.765977042258,32538.663147649142,0.607033638981257,0.42600146612353634
silbermoewe_020,Silbermöwe,weiblich,orange,kamera_B,gut,Nordsee,1920.0,1082.0,0.6467631459236145,121.6705331128442,42.4,65000.0,20223.496396758914,0.7559357385355909,0.926322197833507
silbermoewe_024,Silbermöwe,,gelb,kamera_C,gut,Ostsee,1920.0,1920.0,0.3393372893333435,121.83150448924005,48.613682775042534,15053.10501541735,24310.443741723404,0.665167402164483,0.6225076194905624
silbermoewe_030,Silbermöwe,weiblich,orange,kamera_C,gut,Nordsee,1920.0,1348.0,0.5650234222412109,120.39798312390013,43.14198201092844,12261.323533006538,22236.714795938973,0.863900452069063,0.8942202082486558
lachmoewe_038,Lachmöwe,weiblich,gelb,kamera_A,mittel,Ostsee,1920.0,1280.0,0.5294578671455383,99.81702175469962,,10886.965736624612,20101.606278901992,0.8021570040201629,0.6642344351465523
lachmoewe_030,Lachmöwe,weiblich,gelb,kamera_C,gut,Nordsee,1920.0,1280.0,0.5577989220619202,102.15615968042434,39.06352271740354,12880.071351518334,23897.558871155747,0.8912618123786962,0.7212894266773232
lachmoewe_002,Lachmöwe,maennlich,orange,kamera_C,mittel,Nordsee,640.0,427.0,0.5206221342086792,103.41459899125896,41.03250219543099,9265.787838673601,24962.42108470618,0.7665051862309623,0.5578165163745687
silbermoewe_013,Silbermöwe,,orange,kamera_C,gut,Binnenland,1920.0,1551.0,0.3909633457660675,117.72530693749836,42.69675945415092,11200.164836184347,26203.1423970613,0.7267436102798172,0.6861370470262594
lachmoewe_022,Lachmöwe,maennlich,,kamera_A,gut,Ostsee,1920.0,1280.0,0.39439713954925537,101.95147753048312,40.25337138855805,11165.165328222249,30862.906535122114,0.901379122789717,0.4776107979329416
lachmoewe_003,Lachmöwe,weiblich,rot,kamera_B,mittel,Nordsee,1920.0,1536.0,0.2063514143228531,112.46000970609677,41.02324338021942,11460.372178553582,23350.95561082838,0.9199153320609323,0.5312301980338461
lachmoewe_024,Lachmöwe,weiblich,gelb,kamera_A,mittel,Binnenland,1920.0,1438.0,0.5894202589988708,99.46420590495856,45.96189191367923,8740.12386996155,17851.5719175633,0.898583946982492,0.9286080603088488
silbermoewe_035,Silbermöwe,maennlich,,kamera_C,mittel,Ostsee,1920.0,1440.0,0.37325915694236755,122.07439940428179,42.01854118764522,13191.016150658945,25651.2503693645,0.6537684713537875,0.7103461777963879
lachmoewe_021,Lachmöwe,maennlich,orange,kamera_A,gut,Binnenland,1920.0,1440.0,0.5164196491241455,105.85289868333174,39.08251533578651,12404.412520487367,23737.215573214133,0.8636178675209921,0.5614593184900118
silbermoewe_021,Silbermöwe,weiblich,gelb,kamera_B,gut,Binnenland,1280.0,853.0,0.373668372631073,114.1045253852979,40.4618508623769,12097.164890966942,34260.86505441539,0.6860661812956034,0.8801465133343425
silbermoewe_032,Silbermöwe,weiblich,orange,kamera_B,mittel,Ostsee,1920.0,1187.0,0.5180349349975586,132.5145442020693,,12821.695725083286,27351.74856297067,0.6125222903630413,0.7276389565398609
lachmoewe_015,Lachmöwe,weiblich,orange,kamera_A,gut,Ostsee,1920.0,1280.0,0.481235533952713,178.0,38.638337854594674,10713.947918690686,28164.54768888758,0.779119216503102,0.6979287413227668
silbermoewe_012,Silbermöwe,weiblich,orange,kamera_C,gut,Ostsee,1920.0,1280.0,0.5803748965263367,121.2263570173639,,10984.635124502405,29468.768491776013,0.7530132776308387,0.7262045525187322
